receipts,
https://mrng.to/fxe21beamv,
https://mrng.to/fPZScSK8Kq,
https://mrng.to/ep0UCPBHPT,
https://mrng.to/GwM6NI68mw,
https://mrng.to/B1gbcP5qLu,
https://mrng.to/tPV9M8dVDO,
https://mrng.to/j5974M4CwZ,
https://mrng.to/GkTFELkUwj,
https://mrng.to/VF22DcgPJG,
https://mrng.to/CaxGLyyMYA,
https://mrng.to/KhN1jIJaD3,
https://mrng.to/lXtNzqmRLx,
https://mrng.to/lUXpBWlvB8,
https://mrng.to/CZB69otaVI,
https://mrng.to/SYIUOiEiRl,
https://mrng.to/D1WVPpefVX,
https://mrng.to/1c2Fz2dEq0,
https://mrng.to/5SqlB3ejtO,
https://mrng.to/OAVLBtM2K8,
https://mrng.to/pdp7Bx9Y1l,
https://mrng.to/2FswHH0sbj,
https://mrng.to/FN1V5hOCmG,
https://mrng.to/x86cqw7VCR,
https://mrng.to/6jicsqrGWO,
https://mrng.to/3aWVXQNQkQ,
https://mrng.to/q6Ej9qF23X,
https://mrng.to/WP346aZRrb,
https://mrng.to/XyAlnxLQ2j,
https://mrng.to/js55s4T5KN,
https://mrng.to/5s67jXHeXi,
https://mrng.to/XF0ORVildV,
https://mrng.to/gsZv8AVoHz,
https://mrng.to/SNLyugWOCA,
https://mrng.to/hTxITuodKT,
https://mrng.to/CHVAUzsW3w,
https://mrng.to/xJdGHrkuvX,
https://mrng.to/jruHQKxuaA,
https://mrng.to/qZj19NsD5V,
https://mrng.to/lcNJUmAEDN,
https://mrng.to/VlzMidNtbd,
https://mrng.to/3mVU760Ypa,
https://mrng.to/wXfXq8MoSW,
https://mrng.to/83I5GufKDC,
https://mrng.to/fxe21beamv,
https://mrng.to/ulahocAbSj,
https://mrng.to/Pjl3u9GOlx,
https://mrng.to/CMAD10Nkrq